Anbieter;Produktauswahl & Vielfalt;Zuverlässigkeit;Produktionsgeschwindigkeit;Versandkosten & -zeiten;Shop-Anbindung;Personalisierungsoptionen;Support & Fehlerbehebung;Herkunft & Nachhaltigkeit;White-Label-Optionen;Gesamtwertung
Printful;9;9;8;7;10;9;8;7;9;76
Gelato;8;8;9;9;9;7;8;8;9;75
Spreadconnect;9;8;7;9;8;8;9;6;10;74
T-Pop;6;8;7;8;7;6;9;9;10;70
Shirtigo;7;7;7;7;8;7;7;6;9;65
Printify;8;6;8;6;9;8;6;5;9;65
MerchOne;7;7;8;7;6;6;7;6;8;62
Prodigi;6;7;7;7;7;6;6;8;8;62
Shirtee;7;7;6;6;7;6;6;6;8;59
X-Print;6;6;7;6;5;5;6;5;7;53
